﻿,신문사url,기사타이틀,기사url,요약기사
1,https://www.yna.co.kr/,[연합뉴스 이 시각 헤드라인] - 15:00,https://news.naver.com/main/read.naver?mode=LSD&mid=sec&sid1=004&oid=001&aid=0012727231,"■ '대장동 키맨' 남욱, 귀국편 탑승…""들어가서 소상히 말씀"" 미국에 체류 중이던 대장동 개발 로비·특혜 의혹의 핵심 인물 남욱 변호사가 17일 오후(현지시간) 한국행 비행기에 탑승했다. 남 변호사는 이날 밤 10시..."
2,http://www.segye.com/,"5대 은행, 10월 말부터 계약 잔금일 이후 전세대출 안 내준다 [뉴스+]",https://news.naver.com/main/read.naver?mode=LSD&mid=sec&sid1=101&oid=022&aid=0003629114,연합뉴스 가계대출 수요가 여전히 꺾이지 않은 상황에서 전세대출로 가수요가 몰리는 것을 방지하기 위한 조치로 풀이된다. 5대 시중은행의 가계대출 잔액은 14일 기준 705조6699억원으로 지난해 말(670조1539억원) 대비...
3,http://www.sedaily.com/,"[포토뉴스]이재명 ""유동규에 배신감, 인사권자로 사과""",https://news.naver.com/main/read.naver?mode=LSD&mid=sec&sid1=100&oid=011&aid=0003974272,"더불어민주당 대선 후보인 이재명 경기지사가 18일 대장동 의혹과 관련해 ""관련 공직자 일부가 오염되고 민간사업자가 유착했다는 의혹에 대해서는 인사권자로서 깊이 사과드린다""고 말했다. 이 후보는 이날 경기도청에서..."
4,http://www.yonhapnewstv.co.kr/,"[자막뉴스] ""총격·혐오 못 걸러""…잡음 끊이지 않는 페이스북",https://news.naver.com/main/read.naver?mode=LSD&mid=sec&sid1=104&oid=422&aid=0000509625,"전 직원의 내부 고발로 시작된 페이스북의 유해성 논란. ""페이스북의 자체 연구에 따르면 그들은 위험한 콘텐츠를 식별할 수 없습니다. 그 결과 그들이 승인한 위험한 알고리즘은 극단적인 감정·분열을 심화시켰습니다...."
5,http://www.mbn.co.kr/,10월 17일 MBN 종합뉴스 주요뉴스,https://news.naver.com/main/read.naver?mode=LSD&mid=sec&sid1=102&oid=057&aid=0001614693,"▶ 전국 곳곳 첫 얼음 내일도 '10월 한파' 서울의 아침 기온이 1도까지 '뚝' 떨어지면서 올들어 처음으로 얼음이 관측됐고, 전국 곳곳에 내려졌던 한파특보는 모두 해제됐습니다. 내일 출근길에도 서울이 4도까지 내려가는..."
6,http://www.nocutnews.co.kr/,"[뉴스쏙:속]지난주 '반팔', 이번주 '패딩'…수요일 또 강추위",https://news.naver.com/main/read.naver?mode=LSD&mid=sec&sid1=102&oid=079&aid=0003563768,"필요한 뉴스만 '쏙' 뽑아 '속'도감 있게 전달해드리는 [뉴스쏙:속]입니다.■ 방송 : CBS 김덕기의아침뉴스 (10월18일) ■ 채널 : 표준 FM 98.1 (07:00~07:17) 1. 지난주는 '반팔', 이번주는 '패딩' 지난주까지만 해도 한낮엔 반팔을..."
7,http://www.edaily.co.kr/,[뉴스새벽배송]中 3Q 성장률 오늘 발표…에너지대란 지속,https://news.naver.com/main/read.naver?mode=LSD&mid=sec&sid1=101&oid=018&aid=0005062521,"다음은 이날 장 개시 전 주목할 만한 주요 뉴스들이다. 오늘 中 3분기 경제성장률 발표 - 중국이 18일... (사진=AP/연합뉴스 제공)◇ 뉴욕증시, 소매판매·실적 호조에 상승 -15일(미 동부시간) 뉴욕증권거래소(NYSE)에서..."
8,http://www.hankookilbo.com/,"[뉴스룸에서] 자영업 ‘오징어게임’, 이대로 둘 건가",https://news.naver.com/main/read.naver?mode=LSD&mid=sec&sid1=110&oid=469&aid=0000635552,"어느덧 ‘위드 코로나’를 검토하는 요즘도 우울한 자영업 뉴스는 계속된다. “확인된 자살자만 22명”(코로나19 대응 전국 자영업자 비대위), “1년 반 사이 자영업자 부채 66조 원 급증”(오세희 소상공인연합회장)..."
9,http://news1.kr/,[뉴스1 PICK] 막 오른 '이재명 국감',https://news.naver.com/main/read.naver?mode=LSD&mid=sec&sid1=100&oid=421&aid=0005663154,"경기도지사인 이재명 더불어민주당 대선 후보가 18일 경기도청에서 열린 국회 행정안전위원회의 경기도 국정감사에 출석했다. 여당 대선 후보가 국정감사 증인으로 나오는 것은 유례를 찾기 힘든 일로, 사실상 '대통령..."
10,https://www.yna.co.kr/,[연합뉴스 이 시각 헤드라인] - 08:00,https://news.naver.com/main/read.naver?mode=LSD&mid=sec&sid1=004&oid=001&aid=0012728035,18일 연합뉴스의 경제활동인구조사 마이크로데이터 분석에 따르면 최근 1년(2020년 9월 중순∼2021년 9월 중순) 내에 일을 그만두고 실업자나 비경제활동인구가 된 사람 가운데 직전까지 자영업자로 일했던 사람은...
11,http://www.segye.com/,2차 접종 때 더 아픈 화이자·모더나…‘부스터샷’ 맞으면 어떨까? [뉴스+],https://news.naver.com/main/read.naver?mode=LSD&mid=sec&sid1=102&oid=022&aid=0003628874,"사진=연합뉴스 최근 화이자와 모더나를 중심으로 코로나19 백신 2차 접종률이 높아지면서 1차 때보다 2차... 사진=연합뉴스 AZ는 병원성을 없앤 아데노 바이러스를 전달체로 사용하지만, 1차 접종 때 이에 대한 면역..."
12,http://news1.kr/,"[뉴스1 PICK] 홍준표·최재형 손 잡았다…""게임 체인저 될 것""",https://news.naver.com/main/read.naver?mode=LSD&mid=sec&sid1=100&oid=421&aid=0005661767,"국민의힘 대선 경선 2차 컷오프에서 고배를 마신 최재형 전 감사원장이 17일 홍준표 후보 캠프에 공식 합류했다. 두 사람은 이날 서울 여의도 홍준표 후보 선거 캠프에서 만나 ""정권 교체를 열망하는 국민적 여망 앞에..."
13,http://www.mbn.co.kr/,[뉴스추적] '이재명 국감' 화력 집중…치열한 공방 예고,https://news.naver.com/main/read.naver?mode=LSD&mid=sec&sid1=100&oid=057&aid=0001614699,"내일 경기도 국정감사는 더불어민주당 대선후보로 확정된 이재명 경기지사가 참석해, 여야 정치권의 뜨거운 공방이 예상됩니다. 자세한 내용 정치부 우종환 기자와 얘기 나눠보겠습니다. 【 질문 1 】 인사청문회 수준의..."
14,http://www.hankookilbo.com/,"[뉴스룸에서] 자영업 ‘오징어게임’, 이대로 둘 건가",https://news.naver.com/main/read.naver?mode=LSD&mid=sec&sid1=110&oid=469&aid=0000635552,"어느덧 ‘위드 코로나’를 검토하는 요즘도 우울한 자영업 뉴스는 계속된다. “확인된 자살자만 22명”(코로나19 대응 전국 자영업자 비대위), “1년 반 사이 자영업자 부채 66조 원 급증”(오세희 소상공인연합회장)..."
15,http://www.kyeonggi.com/,전운 감도는 경기도 국감장 [포토뉴스],https://news.naver.com/main/read.naver?mode=LSD&mid=sec&sid1=104&oid=421&aid=0005661577,국회 행정안전위원회의 경기도 국정감사를 하루 앞둔 17일 오후 경기도청에서 관계자들이 국정감사장 설치 및 점검을 하고 있다. 김시범기자 국회 행정안전위원회의 경기도 국정감사를 하루 앞둔 17일 오후 경기도청에서...
16,http://news1.kr/,'루머에 사고 뉴스에 팔라' 비트코인 ETF 승인에도 소폭 하락(종합),https://news.naver.com/main/read.naver?mode=LSD&mid=sec&sid1=100&oid=421&aid=0005663154,미국의 증권 감독 당국인 증권거래위원회(SEC)가 비트코인 상장지수펀드(ETF)를 잠정 승인했다는 소식에도 비트코인은 소폭 하락하고 있다. 비트코인은 17일 오전 7시 현재(한국시간 기준) 글로벌 코인시황...
17,http://news1.kr/,[뉴스1 PICK] 막 오른 '이재명 국감',https://news.naver.com/main/read.naver?mode=LSD&mid=sec&sid1=102&oid=025&aid=0003142879,"경기도지사인 이재명 더불어민주당 대선 후보가 18일 경기도청에서 열린 국회 행정안전위원회의 경기도 국정감사에 출석했다. 여당 대선 후보가 국정감사 증인으로 나오는 것은 유례를 찾기 힘든 일로, 사실상 '대통령..."
18,http://joongang.joins.com/,"""여친 죽었어도 5억 못탄다"" 악마 10대들 무모한 범행 전말 [뉴스원샷]",https://news.naver.com/main/read.naver?mode=LSD&mid=sec&sid1=100&oid=448&aid=0000341596,최경호 내셔널팀장의 픽: 10대 범죄자도 신상공개 청원 지난 9일 오후 11시30분쯤 전남 화순군의 한 펜션. 수로 안에 몸을 숨긴 한 여성이 “살려주세요”라고 외칩니다. 온몸이 피투성이가 된 여성은 펜션 투숙객들에...
19,http://tv.chosun.com/,[뉴스야?!] 이낙연의 패착?,https://news.naver.com/main/read.naver?mode=LSD&mid=sec&sid1=102&oid=421&aid=0005662945,"뉴스야 시작합니다. 정치부 최지원 기자 나왔습니다. 첫번째 물음표 보죠. 첫번째 물음표는 ""윤석열은 안 되고, 김오수는 되고?""입니다. [앵커] 윤 전 총장의 후임인 김오수 전 총장, 성남시 고문변호사로 활동했던 사실이..."
20,http://news1.kr/,"화순전남대병원, 뉴스위크 선정 '월드 베스트 암 병원'",,화순전남대학교병원이 뉴스위크가 선정한 '암 치료 잘하는 세계 최고 병원'으로 꼽혔다. 18일 화순전남대학교병원에 따르면 미국 시사주간지 뉴스위크는 최근 '2022 임상 분야별 세계 최고 병원'을 선정해 발표했다....
21,http://news.kbs.co.kr/,[뉴스광장 영상] 외암민속마을,https://news.naver.com/main/read.naver?mode=LSD&mid=sec&sid1=102&oid=056&aid=0011138985,
22,http://news.jtbc.joins.com/,남욱 LA서 귀국비행기 탑승...오늘 저녁6시 뉴스룸 보도,https://news.naver.com/main/read.naver?mode=LSD&mid=sec&sid1=100&oid=437&aid=0000278538,〈오늘 오후 6시 JTBC뉴스룸에서 홍희정 LA특파원이 LA공항 현지에서 자세한 내용 전해드립니다. 〉 대장동 의혹의 핵심 인물 중 한 명으로 꼽히는 천화동인 4호 소유주 남욱 변호사가 귀국합니다. JTBC 취재진은 미국...
23,http://news.jtbc.joins.com/,"[월드뉴스W] ""크리스마스 선물, 지금 준비하라""…최악 물류대란 왜?",https://news.naver.com/main/read.naver?mode=LSD&mid=sec&sid1=104&oid=437&aid=0000278547,"무슨 일인지, 월드뉴스W 윤설영 기자가 전해드립니다. [기자] 얼굴에 사정없이 주먹을 날리고 온몸으로 밀어붙입니다. 상대를 향해 발길질을 합니다. 엉겨붙어 주먹이 오가고 격렬한 싸움이 벌어집니다. 유소에서 기름을..."
24,http://www.mbn.co.kr/,[뉴스추적] 대장동 전담수사팀 불협화음?…'부실 압수수색' 뒷말도,https://news.naver.com/main/read.naver?mode=LSD&mid=sec&sid1=102&oid=057&aid=0001614554,"대장동 의혹 핵심 인물인 남욱 변호사가 모레(18일) 귀국하는 것으로 전해지면서, 검찰 수사도 전환점을 맞을 전망입니다. 사회부 임성재 기자와 함께 검찰 안팎 이야기 나눠보겠습니다. 임 기자, 서울중앙지검 전담수사팀..."
25,http://joongang.joins.com/,"""패혈증 클린턴, 빠르게 회복…본인 입원 뉴스도 챙겨본다""",https://news.naver.com/main/read.naver?mode=LSD&mid=sec&sid1=104&oid=025&aid=0003142931,CNBC는 클린턴 전 대통령 측근의 말을 인용해 클린턴 전 대통령은 TV로 그의 입원 관련 뉴스 보도까지 챙겨보고 있다고 전했다. 배우자인 힐러리 클린턴 전 국무장관도 딸 첼시 클린턴과 함께 남편의 곁을 지키고 있다고...
26,http://joongang.joins.com/,"""명절수당 줬대"" 유튜브 가짜뉴스 믿는 엄빠…자식들의 반격",https://news.naver.com/main/read.naver?mode=LSD&mid=sec&sid1=102&oid=025&aid=0003142904,"그거 가짜뉴스야! 제발 그만 봐!"" ""가짜뉴스 아니야~의사인 유튜버가 그러던데? 그리고 엄마 친구들 카톡방에서도 다 이 얘기해."" ""다른 사람들은 다 명절수당 받는다는데, 우리는 못 받나 보다. 말세야, 말세."" ""아빠..."
27,http://www.busan.com/,"[과기정통 뉴스] KCA, ‘2021 차세대미디어주간’ 행사 온라인 사전등록 外",https://news.naver.com/main/read.naver?mode=LSD&mid=sec&sid1=101&oid=082&aid=0001123529,"‘2021 차세대미디어주간’ 포스터. KCA 제공 ◆KCA, ‘2021 차세대미디어주간’ 행사 온라인 사전등록 개시 과학기술정보통신부가 주최하고 한국방송통신전파진흥원(KCA)과 한국전파진흥협회가 주관하는 ‘2021..."
28,http://imnews.imbc.com/,"[엠빅뉴스] '학폭 논란' 이재영·이다영 출국 현장..""고개 숙이지 말고 걸어!""",https://news.naver.com/main/read.naver?mode=LSD&mid=sec&sid1=115&oid=214&aid=0001154255,"김경희 씨는 카메라를 피해 얼굴을 가린 딸들에게 ""고개를 들라""고 말하기도 했습니다. #이재영 #이다영 #쌍둥이 #여자배구 [엠빅뉴스]와 친구가 되어주세요! ▶페이스북 바로가기 ▶유튜브 바로가기 ▶1boon 바로가기"
29,https://www.yna.co.kr/,[연합뉴스 이 시각 헤드라인] - 11:00,https://news.naver.com/main/read.naver?mode=LSD&mid=sec&sid1=004&oid=001&aid=0012726855,"관련 사정을 잘 아는 현지 소식통은 16일(현지시간) 연합뉴스에 ""오늘 저녁에 에이전트로부터 '손 선수가... 이재영·다영 자매는 출국 전 연합뉴스와의 전화 인터뷰에서 ""해외 진출이 결정됐지만, 마음이 무겁다..."
30,http://www.sedaily.com/,[포토뉴스] 남욱 변호사 긴급체포,https://news.naver.com/main/read.naver?mode=LSD&mid=sec&sid1=102&oid=011&aid=0003974146,18일 새벽 인천국제공항 제2터미널에 입국한 남욱 변호사가 '대장동 개발사업 특혜·로바' 의혹을 수사 중인 서울중앙지검 전담수사팀(팀장 김태훈 4차장검사)에 긴급 체포되어 서울중앙지검으로 이송되고 있다....
31,http://www.mk.co.kr/,"[종합] '놀면 뭐하니' 오영수, 뉴스 특집 빛낸 아름다운 사람",https://news.naver.com/main/read.naver?mode=LSD&mid=sec&sid1=106&oid=009&aid=0004865654,오징어 게임의 주역 오영수가 뉴스 특집을 빛냈다. 16일 방송된 MBC 예능 프로그램 '놀면 뭐하니'에서는 기자로 변신한 유재석·정준하·하하·신봉선·이미주의 활약상이 그려졌다. 이날 '뉴스데스크+' 특집이 방송됐다....
32,http://tv.chosun.com/,[뉴스야?!] 특검 안 하나 못 하나?,https://news.naver.com/main/read.naver?mode=LSD&mid=sec&sid1=100&oid=448&aid=0000341629,"뉴스야 시작합니다. 정치부 이채림 기자 나왔습니다. 첫번째 물음표 보죠. 첫번째 물음표는 ""특검 안 하나 못 하나?""입니다. 야당이 대장동 의혹과이재명 후보와의 관련성이나 실체를 밝히자면서 연일 특검을 주장하고..."
33,http://sports.chosun.com/,화순전남대병원 2년 연속 뉴스위크 '월드 베스트 암 병원' 선정,https://news.naver.com/main/read.naver?mode=LSD&mid=sec&sid1=102&oid=076&aid=0003790094,화순전남대학교병원이 뉴스위크가 선정한 '암 치료 잘하는 세계 최고 병원'으로 꼽혔다. 17일 화순전남대병원에 따르면 미국 시사주간지 뉴스위크는 최근 '2022 임상 분야별 세계 최고 병원(world's best hospitals)'을 선정...
34,http://news1.kr/,[뉴스1 PICK] 64년 만의 10월 한파 '잃어버린 가을',https://news.naver.com/main/read.naver?mode=LSD&mid=sec&sid1=102&oid=421&aid=0005661831,"주말인 17일 전국 대부분 지역에 한파경보와 한파주의보가 발표된 가운데 아침기온이 큰 폭으로 떨어졌다. 기상청은 대부분 지역의 아침 기온이 5도 이하로 떨어지고 중부 내륙과 전북 동부, 일부 경상 내륙..."
35,http://www.kmib.co.kr/,[뉴스룸에서] 미리 보는 ‘위드 코로나’,https://news.naver.com/main/read.naver?mode=LSD&mid=sec&sid1=110&oid=005&aid=0001477598,이곳저곳 할 것 없이 묘하게 들썩거린다. ‘다음 달부터 위드 코로나’라는 선언의 효과다. 다만 들썩거림 속에 제각기 기대와 불안을 담은 질문이 담겨 있다. 드디어 아이들이 매일 등교하게 되는 거냐는 학부모들의...
36,http://www.ytn.co.kr/,[자막뉴스] 유명 기업 제휴 '부업' 주 2천 수입이라더니...,https://news.naver.com/main/read.naver?mode=LSD&mid=sec&sid1=102&oid=052&aid=0001653598,"유튜브에 올라온 한 광고 영상입니다. 명품 시계와 고가의 자동차를 자랑하는 한 남성. '코인 파생상품 거래소'에 가입한 뒤 자신이 개발한 '자동 거래'를 신청만 하면, 가만히 앉아서 수천만 원을 벌 수 있다고..."
37,http://www.ytn.co.kr/,[자막뉴스] 편의점에서 산 치즈케이크 한 입 먹자마자...어떻게 이런 일이,https://news.naver.com/main/read.naver?mode=LSD&mid=sec&sid1=102&oid=052&aid=0001653583,"지난달 22일, 천안에 사는 A 씨는 편의점에서 냉동 치즈케이크를 구매했습니다. 3일 뒤인 25일 새벽, 치즈케이크를 꺼내 한 입 먹자마자 이상한 맛을 느꼈습니다. 당황한 A 씨는 치즈케이크를 유심히 살펴보고 깜짝..."
38,http://ch1.tbroad.com/,[Btv 부산뉴스]팬더믹 속 BIFF 성공적 마무리,https://news.naver.com/main/read.naver?mode=LSD&mid=sec&sid1=106&oid=076&aid=0003790632,"영화와 산업을 함께 아우르며 아시아를 대표하는 부산국제영화제, 내년에는 한 단계 더 성장한 모습으로 찾아올 것을 기약했습니다. B tv 뉴스 김윤정입니다. 영상 취재 박선녕"
39,http://sports.chosun.com/,"[카드뉴스] 지난주 핫이슈, 커플 유튜브 혼자 운영한 이세영",https://news.naver.com/main/read.naver?mode=LSD&mid=sec&sid1=100&oid=006&aid=0000110110,안녕하세요. 매주 월요일 한 주 전에 온라인에서 큰 화제가 되었던 기사들을 정리해 알려주는 '지난주 핫이슈'입니다. 지난주에는 개그우먼 이세영이 커플 유튜브 채널을 당분간 혼자 운영한다고 밝혔다는 기사가 가장...
40,http://www.mediatoday.co.kr/,방송사 뉴스엔 없는 방송작가 위임계약서·연계편성,,지상파3사와 종합편성채널4사 등 주요 방송사의 지난 1일부터 15일까지 메인 뉴스 보도 내용을 살펴본 결과... MBC '뉴스투데이'에서 10년 넘게 일한 방송작가가 일방적으로 계약해지 통보 받은 문제에 대해...
41,http://www.dt.co.kr/,[뉴스분석] 전세대출을 어찌하오리까 `딜레마`에 빠진 금융당국,https://news.naver.com/main/read.naver?mode=LSD&mid=sec&sid1=101&oid=029&aid=0002701268,"전세대출 DSR대상 가능성 무게 결국 청년·서민만 대출한도 줄어 예외두면 대출 폭증사태 못막아 실수요자와 가계부채 사이 갈등 '가계대출을 옥죄자니 전세대출 실수요자들이 울고, 전세대출을 풀어주자니, 가계대출..."
42,http://ch1.tbroad.com/,[Btv 부산뉴스]송도구름산책로 무장애보행로,https://sports.news.naver.com/news.nhn?oid=076&aid=0003790618,이번 거북섬 무장애보행로에 앞서 서구는 지난해 송도해수욕장 백사장에 장애인 안심길 두 곳을 조성해 장애인들이 백사장을 지난 바다 앞까지 갈 수 있도록 했습니다. B tv 뉴스 장동원입니다. 영상 취재 심환철
43,http://sports.chosun.com/,"西 현지 매체 쇼킹한 뉴스, 레알 포그바-음바페 1월 동시 영입",https://news.naver.com/main/read.naver?mode=LSD&mid=sec&sid1=104&oid=052&aid=0001653626,레알 마드리드가 쇼킹한 1월 영입에 성공할 수 있을까. 스페인 거함 레알이 1월 이적 시장에서 세계 축구계 가장 뜨거운 스타 2명을 동시에 영입할 준비를 하고 있다는 소식이다. 그 주인공은 맨체스터 유나이티드의 폴...
44,http://www.ytn.co.kr/,"[자막뉴스] ""한국어를 왜 배워?""...'오징어 게임' 이후 달라진 시선",https://news.naver.com/main/read.naver?mode=LSD&mid=sec&sid1=101&oid=025&aid=0003142888,캐나다 토론토에 사는 포르투갈 출신 24세 여성 카타리나 코스타 씨. 2년 전부터 한국어를 배워 온 코스타 씨는 자신에 대한 주변의 시선이 '오징어 게임' 열풍으로 달라졌음을 실감합니다. 심지어 부모님조차 한국어로...
45,http://joongang.joins.com/,시내 주행으로는 딱이네…중국 열광시킨 720만원 전기차 [뉴스원샷],https://news.naver.com/main/read.naver?mode=LSD&mid=sec&sid1=100&oid=421&aid=0005662275,전기차종에서도 가격이 저렴한 경차 출시가 본격화하고 있다. 특히 내연차에서도 경차가 많이 팔렸던 유럽과 가성비가 뛰어난 차량이 많이 출시된 중국에서 경형 전기차의 인기가 높다. 테슬라의 전기차 중...
46,http://news1.kr/,송영길 '1면에서 사라진 뉴스는?',https://news.naver.com/main/read.naver?mode=LSD&mid=sec&sid1=102&oid=052&aid=0001653549,= 송영길 더불어민주당 대표가 17일 국회에서 열린 '고발사주 국기문란 진상조사 TF 발대식'에서 일간지 1면에 '윤석열 징계' 관련 법원 판단 보도기사가 없다며 비판하고 있다. 2021.10.17/1
47,http://ch1.tbroad.com/,"[Btv 부산뉴스]'사상구, 아동 학대...대응 체계 구축'",https://news.naver.com/main/read.naver?mode=LSD&mid=sec&sid1=102&oid=214&aid=0001154298,"한편 부산에서는 지난 2월, 광역시.도에서는 처음으로 고신대학교와 대동병원, 광혜병원, 세웅병원 등 4개 병원이 아동학대 전담의료기관으로 지정됐습니다. B tv 뉴스 박철우입니다.///// 영상 취재 박동욱"
48,http://www.ytn.co.kr/,"[자막뉴스] ""추위, 상당히 오래 지속""...한반도 상공 현재 상황",https://news.naver.com/main/read.naver?mode=LSD&mid=sec&sid1=102&oid=006&aid=0000110106,"한라산 고지대가 하루 만에 겨울 왕국으로 변했습니다. 붉은색 단풍이 물들어야 할 나무에는 은빛 서리꽃이 활짝 폈습니다. 서울 등 내륙에서도 올가을 첫 얼음이 관측됐는데, 서울의 첫얼음은 지난해보다는 일주일..."
49,http://imnews.imbc.com/,1부 오늘의 주요뉴스,,"◀ 앵커 ▶ '대장동 특혜·로비 의혹'의 핵심 인물인 남욱 변호사가 조금 전 인천공항을 통해 귀국했습니다. 남 변호사는 미국 로스앤젤레스 공항에서 출국에 앞서 ""모든 것은 들어가 검찰에서 소상하게 말씀드리겠다""고..."
50,http://www.mediatoday.co.kr/,'김어준의 뉴스공장' PD가 말하는 '정치적 편향성' 논란,,"""기울어진 운동장의 균형을 맞추는 관점 미디어의 선두주자""와 ""우리편이 열광하는, 뉴스를 신념으로 소비하게 만드는 가장 큰 스피커"". TBS '김어준의 뉴스공장'을 향한 상반된 평가가 나왔다. 한국언론학회가 주최하고..."
51,http://news1.kr/,[뉴스1 PICK] 전운 감도는 경기도 국감장,https://news.naver.com/main/read.naver?mode=LSD&mid=sec&sid1=100&oid=421&aid=0005662231,국회 행정안전위원회의 경기도에 대한 국정감사를 하루 앞둔 17일 오후 경기도 수원시 팔달구 경기도청에서 도청 관계자들이 국정감사를 준비하고 있다. 이재명 더불어민주당 대선 후보가 18일 경기도지사로서 국회...
52,http://www.bbsfm.co.kr/,[BBS 알찬뉴스] 10월 18일(월),https://news.naver.com/main/read.naver?mode=LSD&mid=sec&sid1=101&oid=025&aid=0003142877,1. 평택 보국사에서 펼쳐진 108 희망 콘서트 도심 속 전통사찰 경기도 평택 보국사에서 코로나19 소멸을 발원하는 음성 공양의 향연이 펼쳐졌습니다. 조계종 포교사이자 메조소프라노 김혜은 성악가는 보국사 경내에서...
53,http://joongang.joins.com/,전국에 ‘하얀가루’ 뿌렸다…100억 매출 찍고 유재석 만난 그 [뉴스원샷],https://news.naver.com/main/read.naver?mode=LSD&mid=sec&sid1=101&oid=028&aid=0002564135,태평양을 건너온 뉴스에 자극받아서다. 미국 실리콘밸리에 기반을 둔 라이다 업체인 벨로다인이 1억 달러 넘는 투자를 유치했다는 소식을 들었다. 또 다른 라이다 개발업체인 이스라엘 이노비즈엔 삼성전자와 네이버...
54,http://www.hani.co.kr/,[뉴스AS] 반도체 ‘공급난’이라는데 가격 떨어진다고?,https://news.naver.com/main/read.naver?mode=LSD&mid=sec&sid1=102&oid=032&aid=0003104260,한때 ‘10만 전자’를 내다보던 삼성전자 주가가 지난 12일 6만원대(종가 기준)로 떨어졌다. 마침 올 3분기(7~9월)에 사상 최대 분기 기준 매출 기록을 낸 터였다. 시장은 삼성전자의 매출 상당 부분을 차지하는...
55,http://www.khan.co.kr/,경복궁 채운 멋스러운 궁중문화 [포토뉴스],https://news.naver.com/main/read.naver?mode=LSD&mid=sec&sid1=106&oid=109&aid=0004492984,서울 경복궁에서 17일 열린 궁중문화축전 ‘궁으로 온 팔도강산-대동예(藝)지도’를 찾은 시민들이 꽃무늬 우산으로 꾸며진 ‘쪽빛 하늘을 담은 궁-나주’를 감상하고 있다.
56,http://www.osen.co.kr/,'오징어 게임' 오영수→'스우파' 모니카…'뉴스데스크+' 성공적 (놀면 뭐하니?) [종합],https://news.naver.com/main/read.naver?mode=LSD&mid=sec&sid1=104&oid=052&aid=0001653608," '놀면 뭐하니?'가 '뉴스데스크+' 녹화를 성공적으로 끝마쳤다. 16일 방송된 MBC '놀면 뭐하니?+'에서는 신입 기자 유재석, 정준하, 하하, 신봉선, 러블리즈 미주가 만드는 '뉴스데스크+'가 공개됐다. 이날 유재석은 서울의 한..."
57,http://www.ytn.co.kr/,"[자막뉴스] 미·러 군함, 50분 간 '기싸움'...60m 앞까지 근접했던 당시 상황",,지난 15일 오후 5시쯤 동해 북쪽의 러시아 블라디보스토크 앞바다. 중국과 러시아가 해상 합동 훈련을 하던 이 해역 에 미군 구축함 채피호가 나타났습니다. 구축함 뒤쪽에는 미국 국기가 보이는 헬기 한 대 가 요란한...
58,http://ch1.tbroad.com/,[Btv 부산뉴스]수영구 광안리해변에 국화꽃 단지 조성,,수영구는 광안리 민락해변공원 광장과 만남의 광장 일원에 국 화꽃 단지를 조성했다고 밝혔습니다. 이 단지에는 국화꽃 5만 송이를 전시하고 산책로에는 포토존 도 만들었습니다. 구는 또 이달 30일 저녁 7시부터 한 시간...
59,http://ch1.tbroad.com/,[Btv 부산뉴스]부산시 ‘부산맛꼬’ 온라인 판로 개척,,"부산시는 부산지방우정청과 공영홈쇼핑과 함께 부산의 대표상품 인 부산맛고등어, 일명 '부산맛꼬' 인지도 높이기에 나섰습니다. 코로나19 장기화로 침체된 지역 수산어가의 매출을 높이기 위한 것으로 우체국쇼핑..."
60,http://ch1.tbroad.com/,[Btv 부산뉴스]'명지소각장 폐쇄' 촉구 주민 집회 개최,,"강서구 명지동소각장 폐쇄추진 위원회와 주민들은 오늘(15일) 오전 9시부터 11시까지 명지소각장 앞에서 소각장 대보수를 반대하는 집회를 열었습니다. 명지동 단체장협의회는 ""소각장 불시점검 시 에도 플라스틱이..."
61,http://www.yonhapnewstv.co.kr/,"[탐사보도 뉴스프리즘] 개 식용 논란 ""복날은 간다""",https://news.naver.com/main/read.naver?mode=LSD&mid=sec&sid1=102&oid=422&aid=0000509464,"시민의 눈높이에서 질문하고, 한국 사회에 화두를 던지며, 더 나은 내일을 만들어 가는 <뉴스프리즘> 시작합니다! 이번 주 <뉴스프리즘>이 주목한 이슈, 함께 보시죠. [이준흠 기자] 얼마 전 문재인 대통령이 직접 ""개 식용..."
62,http://news1.kr/,[뉴스1 PICK] 남욱 변호사 귀국 '대장동의 진실은?',https://news.naver.com/main/read.naver?mode=LSD&mid=sec&sid1=102&oid=421&aid=0005662650,경기 성남시 대장동 개발 특혜 의혹의 핵심 인물 중 하나인 남욱 변호사(48)가 18일 오전 5시1분쯤 인천국제공항에 도착하자마자 검찰에 체포됐다. 서울중앙지검 전담수사팀은 이날 오전 5시14분쯤 인천공항에 도착한 남...
63,http://www.segye.com/,글로벌 공급망 차질 장기화 우려… 한국 경제 발목 잡히나 [뉴스+],https://news.naver.com/main/read.naver?mode=LSD&mid=sec&sid1=101&oid=022&aid=0003628958,연합뉴스 이억원 기획재정부 1차관은 지난 8일 “우리 경제는 차량용 반도체 및 일부 해외 현지생산을... 연합뉴스 최근 중국 대형 부동산 개발업체 헝다(에버그란데) 그룹의 파산설 사태는 중국 가계 소비 회복을...
64,http://news.jtbc.joins.com/,"[발품뉴스] ""살 사람이 없다""…자영업 중고품 '무너진 흔적들'",https://news.naver.com/main/read.naver?mode=LSD&mid=sec&sid1=101&oid=437&aid=0000278516,"코로나 때문에 폐업 관련 업체만 호황이란 말이 나오던 때가 있었는데, 요즘은 그것도 아니라고 합니다. 코로나 사태가 길어지면서 폐업 업체도 모두 문 닫게 생긴 건데요. 도미노처럼 무너지고 있는 자영업의 현실..."
65,http://www.khan.co.kr/,수능 앞으로 한 달…합격 비는 마음 [포토뉴스],https://news.naver.com/main/read.naver?mode=LSD&mid=sec&sid1=102&oid=032&aid=0003104259,2022학년도 대학수학능력시험을 한 달여 앞둔 17일 서울 조계사 앞마당에 합격을 기원하는 촛불들이 밝혀져 있다.
66,http://www.etnews.com/,[카드뉴스]청년세대 맞춤 '금융사기 예방법',https://news.naver.com/main/read.naver?mode=LSD&mid=sec&sid1=101&oid=030&aid=0002975933,성인이 되면서 늘어난 자유만큼 주의해야 할 부분이 바로 부족한 금융 관련 지식으로 인한 금융사기다. 사소한 실수나 잘못된 결정으로 심각한 경제손실을 가져오는 금융사기. 청년세대라면 반드시 알아두어야 할 피해...
67,http://ch1.tbroad.com/,"[Btv 부산뉴스]추위에 강풍까지, 17일 아침 10도 이상 떨어져",https://news.naver.com/main/read.naver?mode=LSD&mid=sec&sid1=100&oid=057&aid=0001614559,기상청은 이번 추위는 18일까지 이어질것으로 내다봤습니다. 이후 북서쪽으로부터 대륙 고기압이 확장하면서 20일 한차례 더 추위가 찾아올 것으로 예상했습니다. B tv 뉴스 박재한입니다.
68,http://www.mbn.co.kr/,[뉴스추적] '불꽃' 튀는 첫 맞수토론…숨은 전략은?,https://news.naver.com/main/read.naver?mode=LSD&mid=sec&sid1=102&oid=032&aid=0003104258,"국민의힘은 어제저녁 첫 맞수토론이 있었는데, 상당히 치열했습니다. 핵심만 정치부 안보람 기자와 짚어보겠습니다. 【 질문 1 】 어제 토론회는 특히 윤석열-홍준표 두 후보 간 도덕성 싸움이 치열했죠? 【 기자 】..."
69,http://www.newspim.com/,[오늘의 정치뉴스] 10월 18일(월) 조간 리뷰,,"[수원=뉴스핌] 사진공동취재단 = 이재명 경기도지사가 지난해 10월 20일 경기도 수원시 팔달구 경기도청에서... 2020.10.20 photo@newspim.com <주요 헤드라인 뉴스> 이재명 ""野 의도와 결과 다를 것...국감 출석, 떳떳하게 진실..."
70,http://www.khan.co.kr/,한파 속 ‘위드 코로나’ 풍경 미리 보기 [포토뉴스],,단계적 일상회복 전 마지막 거리 두기 시행을 하루 앞둔 17일 기록적인 가을 한파에도 시민들이 두꺼운 옷을 걸치고 서울 명동 거리를 걷고 있다. 일상회복에 대한 기대감으로 명동 거리는 모처럼 활기를 띠었다.
71,http://www.busan.com/,"[해양수산 뉴스]' 해양생명소재 믿고 쓰세요'…해양바이오뱅크, ISO인증 추가획득 外",https://news.naver.com/main/read.naver?mode=LSD&mid=sec&sid1=101&oid=082&aid=0001123530,해양미세조류 배양 모습. 해수부 제공 해양수산부는 해양생물에서 유용한 소재를 추출해 기업과 연구기관 등에 분양하는 해양바이오뱅크의 모든 자원 소재에 대해 국제표준화기구(ISO)의 품질관리 분야 인증을...
72,http://www.yonhapnewstv.co.kr/,[뉴스초점] 10월 한파에 서울 첫 얼음…67년 만에 가장 추운 가을,https://news.naver.com/main/read.naver?mode=LSD&mid=sec&sid1=103&oid=422&aid=0000509527,"10월 중순에 때 이른 한파가 찾아왔습니다. 서울은 67년 만에 가장 추운 가을을 맞았고, 올가을 첫 얼음도 관측됐습니다. 자세한 한파 상황과 전망을 김동혁 기상전문기자와 알아보겠습니다. <질문 1> 갑자기 날씨가..."
73,http://tv.chosun.com/,"[뉴스7 취재후 Talk] 코로나와의 ""불편한 동거""…우리는 준비돼 있나?",https://news.naver.com/main/read.naver?mode=LSD&mid=sec&sid1=102&oid=448&aid=0000341585,"국내에서 코로나 첫 환자가 발생한 지 21개월째입니다. 우리는 코로나와 싸웠지만 완전한 제로를 만들지는 못했죠. 이제 우리는 코로나와 함께 할 준비가 돼있을까요? 김부겸 / 총리(지난 13일) ""단계적 일상 회복의 여정을..."
74,http://tv.chosun.com/,10월 18일 '뉴스 퍼레이드' 클로징,https://news.naver.com/main/read.naver?mode=LSD&mid=sec&sid1=102&oid=448&aid=0000341640,10월 18일 '뉴스 퍼레이드' 클로징
75,http://ch1.tbroad.com/,"[Btv 부산뉴스]남구, 민족대표 33인 '홍암 나인협' 기념사업 추진",https://news.naver.com/main/read.naver?mode=LSD&mid=sec&sid1=004&oid=056&aid=0011138841,올해중으로 국립일제강제동원 역사관 부근의 당곡공원에 설치할 계획입니다. 한편 정부는 선생이 눈을 감은지 10년이 지난 1962년 그에게 건국훈장 대통령장을 추서했습니다. B tv 뉴스 김석진 입니다. 영상 취재 박선녕
76,http://news.kbs.co.kr/,[뉴스9 헤드라인],https://news.naver.com/main/read.naver?mode=LSD&mid=sec&sid1=102&oid=052&aid=0001653628,64년 만에 10월 중순 최저기온…한라산엔 상고대 오늘 아침 서울은 1.3도로 10월 중순으로는 64년 만에 가장 낮았습니다. 설악산 등 전국 곳곳이 영하로 떨어졌는데 올 가을 첫 얼음이 관측됐습니다. 한라산에는 상고대가...
77,http://www.ytn.co.kr/,[뉴스라이브] 오늘부터 마지막 거리두기...달라지는 점 Q&A,https://news.naver.com/main/read.naver?mode=LSD&mid=sec&sid1=102&oid=055&aid=0000927616,"■ 진행 : 김선영 앵커, 김대근 앵커 ■ 출연 : 류재복 / 해설위원, 김경우 / 서울백병원 가정의학과 교수 * 아래 텍스트는 실제 방송 내용과 차이가 있을 수 있으니 보다 정확한 내용은 방송으로 확인하시기 바랍니다. [앵커]..."
78,http://news.sbs.co.kr/,오늘의 주요뉴스,https://news.naver.com/main/read.naver?mode=LSD&mid=sec&sid1=102&oid=448&aid=0000341631,"1. 서울이 64년 만의 최저 기온으로 첫얼음이 어는 등 전국 곳곳이 영하의 기온으로 뚝 떨어졌습니다. 추위는 내일(18일) 아침까지 이어지다 잠시 주춤한 뒤, 수요일부터 다시 추워질 것으로..."
79,http://ch1.tbroad.com/,[Btv 부산뉴스]부산항만공사 ‘체험형 청년인턴’12명 채용,,"부산항만공사가 청년층 직무체험 기회 제공 등을 위해 15일부터 체험형 청년인턴 12명에 대한 공개채용에 나섰습니다. 만 34세 이하 청년을 대상으로 하는 이번 인턴 채용은 정규직 채용과 마찬가지로 서류, 필기..."
80,http://tv.chosun.com/,10월 18일 '뉴스 퍼레이드' 오프닝,,1. 대장동 개발 의혹의 핵심 인물로 꼽히는 남욱 변호사가 2시간 반 전인 새벽 5시쯤 인천공항을 통해 귀국했습니다. 취재진의 질문에 죄송하다는 말만 남긴 남변호사는 도착 직후 곧바로 검찰에 체포됐습니다. 2. 민주당...
81,http://www.kwnews.co.kr/,[포토뉴스]셀프주유소 북적,https://news.naver.com/main/read.naver?mode=LSD&mid=sec&sid1=101&oid=087&aid=0000864422,"강원지역 평균 휘발유 가격이 ℓ당 1,723.28원으로 7년 만에 최고 수준을 보이고 있다. 17일 도내 한 셀프주유소에서 1,600원대에 휘발유가 판매돼 차량들이 북적이고 있다."
82,http://imnews.imbc.com/,뉴스데스크 클로징,https://news.naver.com/main/read.naver?mode=LSD&mid=sec&sid1=102&oid=214&aid=0001154275,◀ 앵커 ▶ 오늘 밤 따뜻하게 보내시기 바랍니다. 일요일 뉴스데스크 마칩니다. 고맙습니다.
83,http://www.yeongnam.com/,[포토뉴스] 가을 인증샷 '찰칵',https://news.naver.com/main/read.naver?mode=LSD&mid=sec&sid1=101&oid=052&aid=0001653423,쌀쌀한 가을 날씨를 보인 16일 대구 북구 하중도를 찾은 나들이객들이 분홍빛으로 변해가는 댑싸리 사이에서 즐거운 시간을 보내고 있다. 댑싸리는 명아줏과에 속하는 일년생 초본식물로 흔히 코키아라고 불린다. 과거...
84,http://www.ytn.co.kr/,"[자막뉴스] ""중국산은 이제..."" 국산 김치의 이유 있는 인기",https://sports.news.naver.com/news.nhn?oid=421&aid=0005661461,한국 문화에 대한 관심과 건강에 좋다는 인식에 김치 수출이 크게 늘고 있습니다. 반면 '알몸 김치 동영상' 여파로 99% 이상 중국에서 들어오는 김치 수입은 크게 줄었습니다. 보도에 이지은 기자입니다. [기자] 지난해 사상...
85,http://www.yeongnam.com/,[포토뉴스] 겨울옷 입은 가을,https://news.naver.com/main/read.naver?mode=LSD&mid=sec&sid1=100&oid=057&aid=0001614726,"대구 아침 최저기온이 3.7℃까지 떨어진 17일 중구 동성로를 찾은 시민들이 저마다의 방법으로 추위를 피하며 나들이를 즐기고 있다. 대구지방기상청은 ""18일 최저기온은 1℃로 예상되며, 모레는 기온이 잠깐 올랐다가..."
86,http://ch1.tbroad.com/,"[Btv 부산뉴스][포토뉴스] 서구, 소외계층 마지막길...공영장례 엄수",https://news.naver.com/main/read.naver?mode=LSD&mid=sec&sid1=102&oid=421&aid=0005662167,"서구는 지난 14일, 출생 미상 고아로 아동복지시설에서 지낸 뒤 퇴소 후 사고로 시각장애을 안고 힘든 삶을 살다 쓸쓸하게 길 위에서 생을 마친 50대 남성에 대해 공영장례를 엄수했습니다. 빈소에는 서구청 간부 공무원과..."
87,http://www.bbsfm.co.kr/,10/18(월) BBS TV 뉴스 전체 영상,,"R1. 호국성지 표충사에서 ""국난극복""...동남아 불자 동참 R1-1.<삼보사찰 108 천리순례 18일간의 대장정 회향> -오후5시,밤 10시용 R2. 108 천리순례단 '사명대사의 길'을 걷다 ST1.<개산 1219주년 해인사, 역대 조사..."
88,http://news1.kr/,[뉴스1 PICK] 끝까지 뻔뻔했던 '쌍둥이 자매'의 출국길,,학교폭력 논란으로 무기한 출장정지를 받아 국내 무대에서 사실상 퇴출당한 이재영·이다영 쌍둥이 자매가 16일 오후 부모님과 함께 인천국제공항에 도착했다. 이날 함께 공항을 찾은 둘의 어머니 김경희씨는...
89,http://www.mbn.co.kr/,10월 18일 굿모닝 MBN 주요뉴스,,"▶ '대장동 핵심' 남욱 귀국…공항서 긴급체포 대장동 의혹의 핵심 인물이자 천화동인 4호 소유주인 남욱 변호사가 오늘 새벽 인천공항을 통해 귀국했습니다. 남 변호사는 취재진의 질문에 ""죄송하다""는 한 마디만 남긴 채..."
90,http://news1.kr/,[뉴스1 PICK] 확진자 하향세…내일부터 수도권 8명 모임 가능,,질병관리청 중앙방역대책본부는 17일 0시 기준 신종 코로나바이러스 감염증(코로나19) 신규 확진자가 1420명 발생했다고 밝혔다. 지난 9일 1000명대로 내려온 이후 9일째 1000명대를 유지하고 있다. 전날(16일)...
